"method","TP","n_pos","TPR"
"Edge_2Ddist",91,570,0.159649122807018
"Edge_Network",145,570,0.254385964912281
"Edge_ORA",114,570,0.2
"Edge_Score",152,570,0.266666666666667
"Edge_Topology",35,570,0.0614035087719298
"MiR_ORA",1,570,0.00175438596491228
"MiR_Score",6,570,0.0105263157894737
"TG_ORA",9,576,0.015625
"TG_Score",82,576,0.142361111111111
